id;code;name;level;created_at;updated_at
1;01.03.01;Математика;бакалавриат;\N;\N
2;01.03.02;Прикладная математика и информатика;бакалавриат;\N;\N
3;01.03.03;Механика и математическое моделирование;бакалавриат;\N;\N
4;01.03.04;Прикладная математика;бакалавриат;\N;\N
5;01.03.05;Статистика;бакалавриат;\N;\N
6;02.03.01;Математика и компьютерные науки;бакалавриат;\N;\N
7;02.03.02;Фундаментальная информатика и информационные технологии;бакалавриат;\N;\N
8;02.03.03;Математическое обеспечение и администрирование информационных систем;бакалавриат;\N;\N
9;03.03.01;Прикладные математика и физика;бакалавриат;\N;\N
10;03.03.02;Физика;бакалавриат;\N;\N
11;03.03.03;Радиофизика;бакалавриат;\N;\N
12;04.03.01;Химия;бакалавриат;\N;\N
13;04.03.02;Химия, физика и механика материалов;бакалавриат;\N;\N
14;05.03.01;Геология;бакалавриат;\N;\N
15;05.03.02;География;бакалавриат;\N;\N
16;05.03.03;Картография и геоинформатика;бакалавриат;\N;\N
17;05.03.04;Гидрометеорология;бакалавриат;\N;\N
18;05.03.05;Прикладная гидрометеорология;бакалавриат;\N;\N
19;05.03.06;Экология и природопользование;бакалавриат;\N;\N
20;06.03.01;Биология;бакалавриат;\N;\N
21;06.03.02;Почвоведение;бакалавриат;\N;\N
22;07.03.01;Архитектура;бакалавриат;\N;\N
23;07.03.02;Реконструкция и реставрация архитектурного наследия;бакалавриат;\N;\N
24;07.03.03;Дизайн архитектурной среды;бакалавриат;\N;\N
25;07.03.04;Градостроительство;бакалавриат;\N;\N
26;08.03.01;Строительство;бакалавриат;\N;\N
27;09.03.01;Информатика и вычислительная техника;бакалавриат;\N;\N
28;09.03.02;Информационные системы и технологии;бакалавриат;\N;\N
29;09.03.03;Прикладная информатика;бакалавриат;\N;\N
30;09.03.04;Программная инженерия;бакалавриат;\N;\N
31;10.03.01;Информационная безопасность;бакалавриат;\N;\N
32;11.03.01;Радиотехника;бакалавриат;\N;\N
33;11.03.02;Инфокоммуникационные технологии и системы связи;бакалавриат;\N;\N
34;11.03.03;Конструирование и технология электронных средств;бакалавриат;\N;\N
35;11.03.04;Электроника и наноэлектроника;бакалавриат;\N;\N
36;12.03.01;Приборостроение;бакалавриат;\N;\N
37;12.03.02;Оптотехника;бакалавриат;\N;\N
38;12.03.03;Фотоника и оптоинформатика;бакалавриат;\N;\N
39;12.03.04;Биотехнические системы и технологии;бакалавриат;\N;\N
40;12.03.05;Лазерная техника и лазерные технологии;бакалавриат;\N;\N
41;13.03.01;Теплоэнергетика и теплотехника;бакалавриат;\N;\N
42;13.03.02;Электроэнергетика и электротехника;бакалавриат;\N;\N
43;13.03.03;Энергетическое машиностроение;бакалавриат;\N;\N
44;14.03.01;Ядерная энергетика и теплофизика;бакалавриат;\N;\N
45;14.03.02;Ядерные физика и технологии;бакалавриат;\N;\N
46;15.03.01;Машиностроение;бакалавриат;\N;\N
47;15.03.02;Технологические машины и оборудование;бакалавриат;\N;\N
48;15.03.03;Прикладная механика;бакалавриат;\N;\N
49;15.03.04;Автоматизация технологических процессов и производств;бакалавриат;\N;\N
50;15.03.05;Конструкторско-технологическое обеспечение машиностроительных производств;бакалавриат;\N;\N
51;15.03.06;Мехатроника и робототехника;бакалавриат;\N;\N
52;16.03.01;Техническая физика;бакалавриат;\N;\N
53;16.03.02;Высокотехнологические плазменные и энергетические установки;бакалавриат;\N;\N
54;16.03.03;"Холодильная, криогенная техника и системы жизнеобеспечения";бакалавриат;\N;\N
55;17.03.01;Корабельное вооружение;бакалавриат;\N;\N
56;18.03.01;Химическая технология;бакалавриат;\N;\N
57;18.03.02;"Энерго- и ресурсосберегающие процессы в химической технологии, нефтехимии и биотехнологии";бакалавриат;\N;\N
58;19.03.01;Биотехнология;бакалавриат;\N;\N
59;19.03.02;Продукты питания из растительного сырья;бакалавриат;\N;\N
60;19.03.03;Продукты питания животного происхождения;бакалавриат;\N;\N
61;19.03.04;Технология продукции и организация общественного питания;бакалавриат;\N;\N
62;20.03.01;Техносферная безопасность;бакалавриат;\N;\N
63;20.03.02;Природообустройство и водопользование;бакалавриат;\N;\N
64;21.03.01;Нефтегазовое дело;бакалавриат;\N;\N
65;21.03.02;Землеустройство и кадастры;бакалавриат;\N;\N
66;21.03.03;Геодезия и дистанционное зондирование;бакалавриат;\N;\N
67;22.03.01;Материаловедение и технологии материалов;бакалавриат;\N;\N
68;22.03.02;Металлургия;бакалавриат;\N;\N
69;23.03.01;Технология транспортных процессов;бакалавриат;\N;\N
70;23.03.02;Наземные транспортно-технологические комплексы;бакалавриат;\N;\N
71;23.03.03;Эксплуатация транспортно-технологических машин и комплексов;бакалавриат;\N;\N
72;24.03.01;Ракетные комплексы и космонавтика;бакалавриат;\N;\N
73;24.03.02;Системы управления движением и навигация;бакалавриат;\N;\N
74;24.03.03;Баллистика и гидроаэродинамика;бакалавриат;\N;\N
75;24.03.04;Авиастроение;бакалавриат;\N;\N
76;24.03.05;Двигатели летательных аппаратов;бакалавриат;\N;\N
77;25.03.01;Техническая эксплуатация летательных аппаратов и двигателей;бакалавриат;\N;\N
78;25.03.02;Техническая эксплуатация авиационных электросистем и пилотажно-навигационных комплексов;бакалавриат;\N;\N
79;25.03.03;Аэронавигация;бакалавриат;\N;\N
80;25.03.04;Эксплуатация аэропортов и обеспечение полетов воздушных судов;бакалавриат;\N;\N
81;26.03.01;Управление водным транспортом и гидрографическое обеспечение судоходства;бакалавриат;\N;\N
82;26.03.02;"Кораблестроение, океанотехника и системотехника объектов морской инфраструктуры";бакалавриат;\N;\N
83;26.03.03;"Водные пути, порты и гидротехнические сооружения";бакалавриат;\N;\N
84;26.03.04;Инженерно-экономическое обеспечение технологий и бизнес-процессов водного транспорта;бакалавриат;\N;\N
85;27.03.01;Стандартизация и метрология;бакалавриат;\N;\N
86;27.03.02;Управление качеством;бакалавриат;\N;\N
87;27.03.03;Системный анализ и управление;бакалавриат;\N;\N
88;27.03.04;Управление в технических системах;бакалавриат;\N;\N
89;27.03.05;Инноватика;бакалавриат;\N;\N
90;28.03.01;Нанотехнологии и микросистемная техника;бакалавриат;\N;\N
91;28.03.02;Наноинженерия;бакалавриат;\N;\N
92;28.03.03;Наноматериалы;бакалавриат;\N;\N
93;29.03.01;Технология изделий легкой промышленности;бакалавриат;\N;\N
94;29.03.02;Технологии и проектирование текстильных изделий;бакалавриат;\N;\N
95;29.03.03;Технология полиграфического и упаковочного производства;бакалавриат;\N;\N
96;29.03.04;Технология художественной обработки материалов;бакалавриат;\N;\N
97;29.03.05;Конструирование изделий легкой промышленности;бакалавриат;\N;\N
98;34.03.01;Сестринское дело;бакалавриат;\N;\N
99;35.03.01;Лесное дело;бакалавриат;\N;\N
100;35.03.02;Технология лесозаготовительных и деревоперерабатывающих производств;бакалавриат;\N;\N
101;35.03.03;Агрохимия и агропочвоведение;бакалавриат;\N;\N
102;35.03.04;Агрономия;бакалавриат;\N;\N
103;35.03.05;Садоводство;бакалавриат;\N;\N
104;35.03.06;Агроинженерия;бакалавриат;\N;\N
105;35.03.07;Технология производства и переработки сельскохозяйственной продукции;бакалавриат;\N;\N
106;35.03.08;Водные биоресурсы и аквакультура;бакалавриат;\N;\N
107;35.03.09;Промышленное рыболовство;бакалавриат;\N;\N
108;35.03.10;Ландшафтная архитектура;бакалавриат;\N;\N
109;35.03.11;Гидромелиорация;бакалавриат;\N;\N
110;36.03.01;Ветеринарно-санитарная экспертиза;бакалавриат;\N;\N
111;36.03.02;Зоотехния;бакалавриат;\N;\N
112;37.03.01;Психология;бакалавриат;\N;\N
113;37.03.02;Конфликтология;бакалавриат;\N;\N
114;38.03.01;Экономика;бакалавриат;\N;\N
115;38.03.02;Менеджмент;бакалавриат;\N;\N
116;38.03.03;Управление персоналом;бакалавриат;\N;\N
117;38.03.04;Государственное и муниципальное управление;бакалавриат;\N;\N
118;38.03.05;Бизнес-информатика;бакалавриат;\N;\N
119;38.03.06;Торговое дело;бакалавриат;\N;\N
120;38.03.07;Товароведение;бакалавриат;\N;\N
121;38.03.10;Жилищное хозяйство и коммунальная инфраструктура;бакалавриат;\N;\N
122;39.03.01;Социология;бакалавриат;\N;\N
123;39.03.02;Социальная работа;бакалавриат;\N;\N
124;39.03.03;Организация работы с молодежью;бакалавриат;\N;\N
125;40.03.01;Юриспруденция;бакалавриат;\N;\N
126;40.03.02;Обеспечение законности и правопорядка;бакалавриат;\N;\N
127;41.03.01;Зарубежное регионоведение;бакалавриат;\N;\N
128;41.03.02;Регионоведение России;бакалавриат;\N;\N
129;41.03.03;Востоковедение и африканистика;бакалавриат;\N;\N
130;41.03.04;Политология;бакалавриат;\N;\N
131;41.03.05;Международные отношения;бакалавриат;\N;\N
132;41.03.06;Публичная политика и социальные науки;бакалавриат;\N;\N
133;42.03.01;Реклама и связи с общественностью;бакалавриат;\N;\N
134;42.03.02;Журналистика;бакалавриат;\N;\N
135;42.03.03;Издательское дело;бакалавриат;\N;\N
136;42.03.04;Телевидение;бакалавриат;\N;\N
137;42.03.05;Медиакоммуникации;бакалавриат;\N;\N
138;43.03.01;Сервис;бакалавриат;\N;\N
139;43.03.02;Туризм;бакалавриат;\N;\N
140;43.03.03;Гостиничное дело;бакалавриат;\N;\N
141;44.03.01;Педагогическое образование;бакалавриат;\N;\N
142;44.03.02;Психолого-педагогическое образование;бакалавриат;\N;\N
143;44.03.03;Специальное (дефектологическое) образование;бакалавриат;\N;\N
144;44.03.04;Профессиональное обучение (по отраслям);бакалавриат;\N;\N
145;44.03.05;Педагогическое образование (с двумя профилями подготовки);бакалавриат;\N;\N
146;45.03.01;Филология;бакалавриат;\N;\N
147;45.03.02;Лингвистика;бакалавриат;\N;\N
148;45.03.03;Фундаментальная и прикладная лингвистика;бакалавриат;\N;\N
149;45.03.04;Интеллектуальные системы в гуманитарной сфере;бакалавриат;\N;\N
150;46.03.01;История;бакалавриат;\N;\N
151;46.03.02;Документоведение и архивоведение;бакалавриат;\N;\N
152;46.03.03;Антропология и этнология;бакалавриат;\N;\N
153;46.03.04;Археология;бакалавриат;\N;\N
154;47.03.01;Философия;бакалавриат;\N;\N
155;47.03.02;Прикладная этика;бакалавриат;\N;\N
156;47.03.03;Религиоведение;бакалавриат;\N;\N
157;48.03.01;Теология;бакалавриат;\N;\N
158;49.03.01;Физическая культура;бакалавриат;\N;\N
159;49.03.02;Физическая культура для лиц с отклонениями в состоянии здоровья (адаптивная физическая культура);бакалавриат;\N;\N
160;49.03.03;Рекреация и спортивно-оздоровительный туризм;бакалавриат;\N;\N
161;49.03.04;Спорт;бакалавриат;\N;\N
162;50.03.01;Искусства и гуманитарные науки;бакалавриат;\N;\N
163;50.03.02;Изящные искусства;бакалавриат;\N;\N
164;50.03.03;История искусств;бакалавриат;\N;\N
165;50.03.04;Теория и история искусств;бакалавриат;\N;\N
166;51.03.01;Культурология;бакалавриат;\N;\N
167;51.03.02;Народная художественная культура;бакалавриат;\N;\N
168;51.03.03;Социально-культурная деятельность;бакалавриат;\N;\N
169;51.03.04;Музеология и охрана объектов культурного и природного наследия;бакалавриат;\N;\N
170;51.03.05;Режиссура театрализованных представлений и праздников;бакалавриат;\N;\N
171;51.03.06;Библиотечно-информационная деятельность;бакалавриат;\N;\N
172;52.03.01;Хореографическое искусство;бакалавриат;\N;\N
173;52.03.02;Хореографическое исполнительство;бакалавриат;\N;\N
174;52.03.03;Цирковое искусство;бакалавриат;\N;\N
175;52.03.04;Технология художественного оформления спектакля;бакалавриат;\N;\N
176;52.03.05;Театроведение;бакалавриат;\N;\N
177;52.03.06;Драматургия;бакалавриат;\N;\N
178;53.03.01;Музыкальное искусство эстрады;бакалавриат;\N;\N
179;53.03.02;Музыкально-инструментальное искусство;бакалавриат;\N;\N
180;53.03.03;Вокальное искусство;бакалавриат;\N;\N
181;53.03.04;Искусство народного пения;бакалавриат;\N;\N
182;53.03.05;Дирижирование;бакалавриат;\N;\N
183;53.03.06;Музыкознание и музыкально-прикладное искусство;бакалавриат;\N;\N
184;54.03.01;Дизайн;бакалавриат;\N;\N
185;54.03.02;Декоративно-прикладное искусство и народные промыслы;бакалавриат;\N;\N
186;54.03.03;Искусство костюма и текстиля;бакалавриат;\N;\N
187;54.03.04;Реставрация;бакалавриат;\N;\N
188;54.03.05;Традиционное прикладное искусство;бакалавриат;\N;\N
189;01.04.01;Математика;магистратура;\N;\N
190;01.04.02;Прикладная математика и информатика;магистратура;\N;\N
191;01.04.03;Механика и математическое моделирование;магистратура;\N;\N
192;01.04.04;Прикладная математика;магистратура;\N;\N
193;01.04.05;Статистика;магистратура;\N;\N
194;02.04.01;Математика и компьютерные науки;магистратура;\N;\N
195;02.04.02;Фундаментальная информатика и информационные технологии;магистратура;\N;\N
196;02.04.03;Математическое обеспечение и администрирование информационных систем;магистратура;\N;\N
197;03.04.01;Прикладные математика и физика;магистратура;\N;\N
198;03.04.02;Физика;магистратура;\N;\N
199;03.04.03;Радиофизика;магистратура;\N;\N
200;04.04.01;Химия;магистратура;\N;\N
201;04.04.02;"Химия, физика и механика материалов";магистратура;\N;\N
202;05.04.01;Геология;магистратура;\N;\N
203;05.04.02;География;магистратура;\N;\N
204;05.04.03;Картография и геоинформатика;магистратура;\N;\N
205;05.04.04;Гидрометеорология;магистратура;\N;\N
206;05.04.05;Прикладная гидрометеорология;магистратура;\N;\N
207;05.04.06;Экология и природопользование;магистратура;\N;\N
208;06.04.01;Биология;магистратура;\N;\N
209;06.04.02;Почвоведение;магистратура;\N;\N
210;07.04.01;Архитектура;магистратура;\N;\N
211;07.04.02;Реконструкция и реставрация архитектурного наследия;магистратура;\N;\N
212;07.04.03;Дизайн архитектурной среды;магистратура;\N;\N
213;07.04.04;Градостроительство;магистратура;\N;\N
214;08.04.01;Строительство;магистратура;\N;\N
215;09.04.01;Информатика и вычислительная техника;магистратура;\N;\N
216;09.04.02;Информационные системы и технологии;магистратура;\N;\N
217;09.04.03;Прикладная информатика;магистратура;\N;\N
218;09.04.04;Программная инженерия;магистратура;\N;\N
219;10.04.01;Информационная безопасность;магистратура;\N;\N
220;11.04.01;Радиотехника;магистратура;\N;\N
221;11.04.02;Инфокоммуникационные технологии и системы связи;магистратура;\N;\N
222;11.04.03;Конструирование и технология электронных средств;магистратура;\N;\N
223;11.04.04;Электроника и наноэлектроника;магистратура;\N;\N
224;12.04.01;Приборостроение;магистратура;\N;\N
225;12.04.02;Оптотехника;магистратура;\N;\N
226;12.04.03;Фотоника и оптоинформатика;магистратура;\N;\N
227;12.04.04;Биотехнические системы и технологии;магистратура;\N;\N
228;12.04.05;Лазерная техника и лазерные технологии;магистратура;\N;\N
229;13.04.01;Теплоэнергетика и теплотехника;магистратура;\N;\N
230;13.04.02;Электроэнергетика и электротехника;магистратура;\N;\N
231;13.04.03;Энергетическое машиностроение;магистратура;\N;\N
232;14.04.01;Ядерная энергетика и теплофизика;магистратура;\N;\N
233;14.04.02;Ядерные физика и технологии;магистратура;\N;\N
234;15.04.01;Машиностроение;магистратура;\N;\N
235;15.04.02;Технологические машины и оборудование;магистратура;\N;\N
236;15.04.03;Прикладная механика;магистратура;\N;\N
237;15.04.04;Автоматизация технологических процессов и производств;магистратура;\N;\N
238;15.04.05;Конструкторско-технологическое обеспечение машиностроительных производств;магистратура;\N;\N
239;15.04.06;Мехатроника и робототехника;магистратура;\N;\N
240;16.04.01;Техническая физика;магистратура;\N;\N
241;16.04.02;Высокотехнологические плазменные и энергетические установки;магистратура;\N;\N
242;16.04.03;"Холодильная, криогенная техника и системы жизнеобеспечения";магистратура;\N;\N
243;17.04.01;Корабельное вооружение;магистратура;\N;\N
244;18.04.01;Химическая технология;магистратура;\N;\N
245;18.04.02;"Энерго- и ресурсосберегающие процессы в химической технологии, нефтехимии и биотехнологии";магистратура;\N;\N
246;19.04.01;Биотехнология;магистратура;\N;\N
247;19.04.02;Продукты питания из растительного сырья;магистратура;\N;\N
248;19.04.03;Продукты питания животного происхождения;магистратура;\N;\N
249;19.04.04;Технология продукции и организация общественного питания;магистратура;\N;\N
250;19.04.05;Высокотехнологичные производства пищевых продуктов функционального и специализированного назначения;магистратура;\N;\N
251;20.04.01;Техносферная безопасность;магистратура;\N;\N
252;20.04.02;Природообустройство и водопользование;магистратура;\N;\N
253;21.04.01;Нефтегазовое дело;магистратура;\N;\N
254;21.04.02;Землеустройство и кадастры;магистратура;\N;\N
255;21.04.03;Геодезия и дистанционное зондирование;магистратура;\N;\N
256;22.00.00;ТЕХНОЛОГИИ МАТЕРИАЛОВ;магистратура;\N;\N
257;22.04.01;Материаловедение и технологии материалов;магистратура;\N;\N
258;22.04.02;Металлургия;магистратура;\N;\N
259;23.04.01;Технология транспортных процессов;магистратура;\N;\N
260;23.04.02;Наземные транспортно-технологические комплексы;магистратура;\N;\N
261;23.04.03;Эксплуатация транспортно-технологических машин и комплексов;магистратура;\N;\N
262;24.04.01;Ракетные комплексы и космонавтика;магистратура;\N;\N
263;24.04.02;Системы управления движением и навигация;магистратура;\N;\N
264;24.04.03;Баллистика и гидроаэродинамика;магистратура;\N;\N
265;24.04.04;Авиастроение;магистратура;\N;\N
266;24.04.05;Двигатели летательных аппаратов;магистратура;\N;\N
267;25.04.01;Техническая эксплуатация летательных аппаратов и двигателей;магистратура;\N;\N
268;25.04.02;Техническая эксплуатация авиационных электросистем и пилотажно-навигационных комплексов;магистратура;\N;\N
269;25.04.03;Аэронавигация;магистратура;\N;\N
270;25.04.04;Эксплуатация аэропортов и обеспечение полетов воздушных судов;магистратура;\N;\N
271;26.04.01;Управление водным транспортом и гидрографическое обеспечение судоходства;магистратура;\N;\N
272;26.04.02;"Кораблестроение, океанотехника и системотехника объектов морской инфраструктуры";магистратура;\N;\N
273;27.04.01;Стандартизация и метрология;магистратура;\N;\N
274;27.04.02;Управление качеством;магистратура;\N;\N
275;27.04.03;Системный анализ и управление;магистратура;\N;\N
276;27.04.04;Управление в технических системах;магистратура;\N;\N
277;27.04.05;Инноватика;магистратура;\N;\N
278;27.04.06;Организация и управление наукоемкими производствами;магистратура;\N;\N
279;27.04.07;Наукоемкие технологии и экономика инноваций;магистратура;\N;\N
280;27.04.08;Управление интеллектуальной собственностью;магистратура;\N;\N
281;28.04.01;Нанотехнологии и микросистемная техника;магистратура;\N;\N
282;28.04.02;Наноинженерия;магистратура;\N;\N
283;28.04.03;Наноматериалы;магистратура;\N;\N
284;28.04.04;Наносистемы и наноматериалы;магистратура;\N;\N
285;29.04.01;Технология изделий легкой промышленности;магистратура;\N;\N
286;29.04.02;Технологии и проектирование текстильных изделий;магистратура;\N;\N
287;29.04.03;Технология полиграфического и упаковочного производства;магистратура;\N;\N
288;29.04.04;Технология художественной обработки материалов;магистратура;\N;\N
289;29.04.05;Конструирование изделий легкой промышленности;магистратура;\N;\N
290;32.04.01;Общественное здравоохранение;магистратура;\N;\N
291;33.04.01;Промышленная фармация;магистратура;\N;\N
292;34.04.01;Управление сестринской деятельностью;магистратура;\N;\N
293;35.04.01;Лесное дело;магистратура;\N;\N
294;35.04.02;Технология лесозаготовительных и деревоперерабатывающих производств;магистратура;\N;\N
295;35.04.03;Агрохимия и агропочвоведение;магистратура;\N;\N
296;35.04.04;Агрономия;магистратура;\N;\N
297;35.04.05;Садоводство;магистратура;\N;\N
298;35.04.06;Агроинженерия;магистратура;\N;\N
299;35.04.07;Водные биоресурсы и аквакультура;магистратура;\N;\N
300;35.04.08;Промышленное рыболовство;магистратура;\N;\N
301;35.04.09;Ландшафтная архитектура;магистратура;\N;\N
302;35.04.10;Гидромелиорация;магистратура;\N;\N
303;36.04.01;Ветеринарно-санитарная экспертиза;магистратура;\N;\N
304;36.04.02;Зоотехния;магистратура;\N;\N
305;37.04.01;Психология;магистратура;\N;\N
306;37.04.02;Конфликтология;магистратура;\N;\N
307;38.04.01;Экономика;магистратура;\N;\N
308;38.04.02;Менеджмент;магистратура;\N;\N
309;38.04.03;Управление персоналом;магистратура;\N;\N
310;38.04.04;Государственное и муниципальное управление;магистратура;\N;\N
311;38.04.05;Бизнес-информатика;магистратура;\N;\N
312;38.04.06;Торговое дело;магистратура;\N;\N
313;38.04.07;Товароведение;магистратура;\N;\N
314;38.04.08;Финансы и кредит;магистратура;\N;\N
315;38.04.09;Государственный аудит;магистратура;\N;\N
316;38.04.10;Жилищное хозяйство и коммунальная инфраструктура;магистратура;\N;\N
317;39.04.01;Социология;магистратура;\N;\N
318;39.04.02;Социальная работа;магистратура;\N;\N
319;39.04.03;Организация работы с молодежью;магистратура;\N;\N
320;40.04.01;Юриспруденция;магистратура;\N;\N
321;41.04.01;Зарубежное регионоведение;магистратура;\N;\N
322;41.04.02;Регионоведение России;магистратура;\N;\N
323;41.04.03;Востоковедение и африканистика;магистратура;\N;\N
324;41.04.04;Политология;магистратура;\N;\N
325;41.04.05;Международные отношения;магистратура;\N;\N
326;41.04.06;Публичная политика;магистратура;\N;\N
327;42.04.01;Реклама и связи с общественностью;магистратура;\N;\N
328;42.04.02;Журналистика;магистратура;\N;\N
329;42.04.03;Издательское дело;магистратура;\N;\N
330;42.04.04;Телевидение;магистратура;\N;\N
331;42.04.05;Медиакоммуникации;магистратура;\N;\N
332;43.04.01;Сервис;магистратура;\N;\N
333;43.04.02;Туризм;магистратура;\N;\N
334;43.04.03;Гостиничное дело;магистратура;\N;\N
335;44.04.01;Педагогическое образование;магистратура;\N;\N
336;44.04.02;Психолого-педагогическое образование;магистратура;\N;\N
337;44.04.03;Специальное (дефектологическое) образование;магистратура;\N;\N
338;44.04.04;Профессиональное обучение (по отраслям);магистратура;\N;\N
339;45.04.01;Филология;магистратура;\N;\N
340;45.04.02;Лингвистика;магистратура;\N;\N
341;45.04.03;Фундаментальная и прикладная лингвистика;магистратура;\N;\N
342;45.04.04;Интеллектуальные системы в гуманитарной среде;магистратура;\N;\N
343;46.04.01;История;магистратура;\N;\N
344;46.04.02;Документоведение и архивоведение;магистратура;\N;\N
345;46.04.03;Антропология и этнология;магистратура;\N;\N
346;46.04.04;Археология;магистратура;\N;\N
347;47.04.01;Философия;магистратура;\N;\N
348;47.04.02;Прикладная этика;магистратура;\N;\N
349;47.04.03;Религиоведение;магистратура;\N;\N
350;48.04.01;Теология;магистратура;\N;\N
351;49.04.01;Физическая культура;магистратура;\N;\N
352;49.04.02;Физическая культура для лиц с отклонениями в состоянии здоровья (адаптивная физическая культура);магистратура;\N;\N
353;49.04.03;Спорт;магистратура;\N;\N
354;50.04.01;Искусства и гуманитарные науки;магистратура;\N;\N
355;50.04.02;Изящные искусства;магистратура;\N;\N
356;50.04.03;История искусств;магистратура;\N;\N
357;50.04.04;Теория и история искусств;магистратура;\N;\N
358;51.04.01;Культурология;магистратура;\N;\N
359;51.04.02;Народная художественная культура;магистратура;\N;\N
360;51.04.03;Социально-культурная деятельность;магистратура;\N;\N
361;51.04.04;Музеология и охрана объектов культурного и природного наследия;магистратура;\N;\N
362;51.04.05;Режиссура театрализованных представлений и праздников;магистратура;\N;\N
363;51.04.06;Библиотечно-информационная деятельность;магистратура;\N;\N
364;52.04.01;Хореографическое искусство;магистратура;\N;\N
365;52.04.02;Драматургия;магистратура;\N;\N
366;52.04.03;Театральное искусство;магистратура;\N;\N
367;53.04.01;Музыкально-инструментальное искусство;магистратура;\N;\N
368;53.04.02;Вокальное искусство;магистратура;\N;\N
369;53.04.03;Искусство народного пения;магистратура;\N;\N
370;53.04.04;Дирижирование;магистратура;\N;\N
371;53.04.05;Искусство;магистратура;\N;\N
372;53.04.06;Музыкознание и музыкально-прикладное искусство;магистратура;\N;\N
373;54.04.01;Дизайн;магистратура;\N;\N
374;54.04.02;Декоративно-прикладное искусство и народные промыслы;магистратура;\N;\N
375;54.04.03;Искусство костюма и текстиля;магистратура;\N;\N
376;54.04.04;Реставрация;магистратура;\N;\N
377;54.04.05;Традиционное прикладное искусство;магистратура;\N;\N
378;01.05.01;Фундаментальные математика и механика;специалитет;\N;\N
379;03.05.01;Астрономия;специалитет;\N;\N
380;03.05.02;Фундаментальная и прикладная физика;специалитет;\N;\N
381;04.05.01;Фундаментальная и прикладная химия;специалитет;\N;\N
382;06.05.01;Биоинженерия и биоинформатика;специалитет;\N;\N
383;06.05.02;Фундаментальная и прикладная биология;специалитет;\N;\N
384;08.05.01;Строительство уникальных зданий и сооружений;специалитет;\N;\N
385;08.05.02;"Строительство, эксплуатация, восстановление и техническое прикрытие автомобильных дорог, мостов и тоннелей";специалитет;\N;\N
386;10.05.01;Компьютерная безопасность;специалитет;\N;\N
387;10.05.02;Информационная безопасность телекоммуникационных систем;специалитет;\N;\N
388;10.05.03;Информационная безопасность автоматизированных систем;специалитет;\N;\N
389;10.05.04;Информационно-аналитические системы безопасности;специалитет;\N;\N
390;10.05.05;Безопасность информационных технологий в правоохранительной сфере;специалитет;\N;\N
391;11.05.01;Радиоэлектронные системы и комплексы;специалитет;\N;\N
392;11.05.02;Специальные радиотехнические системы;специалитет;\N;\N
393;12.05.01;Электронные и оптико-электронные приборы и системы специального назначения;специалитет;\N;\N
394;14.05.01;Ядерные реакторы и материалы;специалитет;\N;\N
395;14.05.02;"Атомные станции: проектирование, эксплуатация и инжиниринг";специалитет;\N;\N
396;14.05.03;Технологии разделения изотопов и ядерное топливо;специалитет;\N;\N
397;15.05.01;Проектирование технологических машин и комплексов;специалитет;\N;\N
398;16.05.01;Специальные системы жизнеобеспечения;специалитет;\N;\N
399;17.05.01;Боеприпасы и взрыватели;специалитет;\N;\N
400;17.05.02;"Стрелково-пушечное, артиллерийское и ракетное оружие";специалитет;\N;\N
401;17.05.03;"Проектирование, производство и испытание корабельного вооружения и информационно-управляющих систем";специалитет;\N;\N
402;18.05.01;Химическая технология энергонасыщенных материалов и изделий;специалитет;\N;\N
403;18.05.02;Химическая технология материалов современной энергетики;специалитет;\N;\N
404;20.05.01;Пожарная безопасность;специалитет;\N;\N
405;21.05.01;Прикладная геодезия;специалитет;\N;\N
406;21.05.02;Прикладная геология;специалитет;\N;\N
407;21.05.03;Технология геологической разведки;специалитет;\N;\N
408;21.05.04;Горное дело;специалитет;\N;\N
409;21.05.05;Физические процессы горного или нефтегазового производства;специалитет;\N;\N
410;21.05.06;Нефтегазовые техника и технологии;специалитет;\N;\N
411;23.05.01;Наземные транспортно-технологические средства;специалитет;\N;\N
412;23.05.02;Транспортные средства специального назначения;специалитет;\N;\N
413;23.05.03;Подвижной состав железных дорог;специалитет;\N;\N
414;23.05.04;Эксплуатация железных дорог;специалитет;\N;\N
415;23.05.05;Системы обеспечения движения поездов;специалитет;\N;\N
416;23.05.06;"Строительство железных дорог, мостов и транспортных тоннелей";специалитет;\N;\N
417;24.05.01;"Проектирование, производство и эксплуатация ракет и ракетно-космических комплексов";специалитет;\N;\N
418;24.05.02;Проектирование авиационных и ракетных двигателей;специалитет;\N;\N
419;24.05.03;Испытание летательных аппаратов;специалитет;\N;\N
420;24.05.04;Навигационно-баллистическое обеспечение применения космической техники;специалитет;\N;\N
421;24.05.05;Интегрированные системы летательных аппаратов;специалитет;\N;\N
422;24.05.06;Системы управления летательными аппаратами;специалитет;\N;\N
423;24.05.07;Самолето- и вертолетостроение;специалитет;\N;\N
424;25.05.01;Техническая эксплуатация и восстановление боевых летательных аппаратов и двигателей;специалитет;\N;\N
425;25.05.02;Техническая эксплуатация и восстановление электросистем и пилотажно-навигационных комплексов боевых летательных аппаратов;специалитет;\N;\N
426;25.05.03;Техническая эксплуатация транспортного радиооборудования;специалитет;\N;\N
427;25.05.04;Летная эксплуатация и применение авиационных комплексов;специалитет;\N;\N
428;25.05.05;Эксплуатация воздушных судов и организация воздушного движения;специалитет;\N;\N
429;26.05.01;"Проектирование и постройка кораблей, судов и объектов океанотехники";специалитет;\N;\N
430;26.05.02;"Проектирование, изготовление и ремонт энергетических установок и систем автоматизации кораблей и судов";специалитет;\N;\N
431;26.05.03;"Строительство, ремонт и поисково-спасательное обеспечение надводных кораблей и подводных лодок";специалитет;\N;\N
432;26.05.04;Применение и эксплуатация технических систем надводных кораблей и подводных лодок;специалитет;\N;\N
433;26.05.05;Судовождение;специалитет;\N;\N
434;26.05.06;Эксплуатация судовых энергетических установок;специалитет;\N;\N
435;26.05.07;Эксплуатация судового электрооборудования и средств автоматики;специалитет;\N;\N
436;27.05.01;Специальные организационно-технические системы;специалитет;\N;\N
437;30.05.01;Медицинская биохимия;специалитет;\N;\N
438;30.05.02;Медицинская биофизика;специалитет;\N;\N
439;30.05.03;Медицинская кибернетика;специалитет;\N;\N
440;31.05.01;Лечебное дело;специалитет;\N;\N
441;31.05.02;Педиатрия;специалитет;\N;\N
442;31.05.03;Стоматология;специалитет;\N;\N
443;31.05.04;Остеопатия;специалитет;\N;\N
444;32.05.01;Медико-профилактическое дело;специалитет;\N;\N
445;33.05.01;Фармация;специалитет;\N;\N
446;36.05.01;Ветеринария;специалитет;\N;\N
447;37.05.01;Клиническая психология;специалитет;\N;\N
448;37.05.02;Психология служебной деятельности;специалитет;\N;\N
449;38.05.01;Экономическая безопасность;специалитет;\N;\N
450;38.05.02;Таможенное дело;специалитет;\N;\N
451;40.05.01;Правовое обеспечение национальной безопасности;специалитет;\N;\N
452;40.05.02;Правоохранительная деятельность;специалитет;\N;\N
453;40.05.03;Судебная экспертиза;специалитет;\N;\N
454;40.05.04;Судебная и прокурорская деятельность;специалитет;\N;\N
455;44.05.01;Педагогика и психология девиантного поведения;специалитет;\N;\N
456;45.05.01;Перевод и переводоведение;специалитет;\N;\N
457;51.05.01;Звукорежиссура культурно-массовых представлений и концертных программ;специалитет;\N;\N
458;52.05.01;Актерское искусство;специалитет;\N;\N
459;52.05.02;Режиссура театра;специалитет;\N;\N
460;52.05.03;Сценография;специалитет;\N;\N
461;52.05.04;Литературное творчество;специалитет;\N;\N
462;52.05.05;Актерское искусство в музыкальном театре;специалитет;\N;\N
463;53.05.01;Искусство концертного исполнительства;специалитет;\N;\N
464;53.05.02;Художественное руководство оперно-симфоническим оркестром и академическим хором;специалитет;\N;\N
465;53.05.03;Музыкальная звукорежиссура;специалитет;\N;\N
466;53.05.04;Музыкально-театральное искусство;специалитет;\N;\N
467;53.05.05;Музыковедение;специалитет;\N;\N
468;53.05.06;Композиция;специалитет;\N;\N
469;53.05.07;Дирижирование военным духовым оркестром;специалитет;\N;\N
470;54.05.01;Монументально-декоративное искусство;специалитет;\N;\N
471;54.05.02;Живопись;специалитет;\N;\N
472;54.05.03;Графика;специалитет;\N;\N
473;54.05.04;Скульптура;специалитет;\N;\N
474;54.05.05;Живопись и изящные искусства;специалитет;\N;\N
475;55.05.01;Режиссура кино и телевидения;специалитет;\N;\N
476;55.05.02;Звукорежиссура аудиовизуальных искусств;специалитет;\N;\N
477;55.05.03;Кинооператорство;специалитет;\N;\N
478;55.05.04;Продюсерство;специалитет;\N;\N
479;55.05.05;Киноведение;специалитет;\N;\N
